﻿<?xml version="1.0" encoding="utf-8" ?>
<WriteFixedWidth StartAt='0' Total='1' Output='Return'>
  <Position Start='0' Length='4' Name='Prefix' Justification='Left'/>
  <!--TODO: Bull Identity-->
  <Position Start='0' Length='9' Name='ANIMAL_NATIONAL_ID' Justification='Left'/>
  <Position Start='0' Length='12' Name='NASIS2' Justification='Left'/>
  <Position Start='0' Length='7' Name='NASIS1' Justification='Left'/>
  <!--TODO: Herdbook ID-->
  <Position Start='0' Length='3' Name='HERDBOOK_COUNTRY' Justification='Left'/>
  <Position Start='0' Length='12' Name='HERDBOOK_NO' Justification='Left'/>
  <Position Start='0' Length='19' Name='INTERNATIONAL_ID' Justification='Left'/>
  <Position Start='0' Length='40' Name='NAMELONG' Justification='Left'/>
  <Position Start='0' Length='24' Name='GENETIC_CODES' Justification='Left'/>
  <!--TODO: Bull Details-->
  <Position Start='0' Length='8' Name='BIRTH_DATE' Justification='Left' DataType='Date' DataFormat='yyyyMMdd'/>
  <Position Start='0' Length='9' Name='SIRE_ID' Justification='Left'/>
  <Position Start='0' Length='9' Name='DAM_ID' Justification='Left'/>
  <Position Start='0' Length='9' Name='MGS_ID' Justification='Left'/>
  <Position Start='0' Length='9' Name='MGD_ID' Justification='Left'/>
  <Position Start='0' Length='19' Name='SIRE_INTERNATIONAL_ID' Justification='Left'/>
  <Position Start='0' Length='19' Name='DAM_INTERNATIONAL_ID' Justification='Left'/>
  <Position Start='0' Length='19' Name='MGS_INTERNATIONAL_ID' Justification='Left'/>
  <Position Start='0' Length='19' Name='MGD_INTERNATIONAL_ID' Justification='Left'/>
  <!--TODO: International Proof Details-->
  <Position Start='0' Length='2' Name='TYPE_OF_PROOF' Justification='Left' DataType='Int'/>
  <Position Start='0' Length='1' Name='INCL_FOREIGN_PROOF' Justification='Left'/>
  <Position Start='0' Length='8' Name='DTR_DOB' Justification='Left' DataType='Date' DataFormat='yyyyMMdd'/>
  <!--TODO: Balanced Performance Index (BPI)-->
  <Position Start='0' Length='4' Name='BPI' DataType='Float' DataFormat='{0:0}' Justification='Right'/>
  <Position Start='0' Length='2' Name='BPI_REL' DataType='Float' DataFormat='{0:0}' Justification='Right'/>
  <!--TODO: Main Components of BPI (Components expressed in dollar unit values)-->
  <Position Start='0' Length='4' Name='C_PROT' DataType='Float' DataFormat='{0:0}' Justification='Right'/>
  <Position Start='0' Length='4' Name='C_MILK' DataType='Float' DataFormat='{0:0}' Justification='Right'/>
  <Position Start='0' Length='4' Name='C_FAT' DataType='Float' DataFormat='{0:0}' Justification='Right'/>
  <Position Start='0' Length='4' Name='C_MSPEED' DataType='Float' DataFormat='{0:0}' Justification='Right'/>
  <Position Start='0' Length='4' Name='C_TEMP' DataType='Float' DataFormat='{0:0}' Justification='Right'/>
  <Position Start='0' Length='4' Name='C_RESSURV' DataType='Float' DataFormat='{0:0}' Justification='Right'/>
  <Position Start='0' Length='4' Name='C_SCC' DataType='Float' DataFormat='{0:0}' Justification='Right'/>
  <Position Start='0' Length='4' Name='C_FEEDEFF' DataType='Float' DataFormat='{0:0}' Justification='Right'/>
  <Position Start='0' Length='4' Name='C_FERT' DataType='Float' DataFormat='{0:0}' Justification='Right'/>
  <Position Start='0' Length='4' Name='C_MAMSYS' DataType='Float' DataFormat='{0:0}' Justification='Right'/>
  <Position Start='0' Length='4' Name='C_OTYPE' DataType='Float' DataFormat='{0:0}' Justification='Right'/>
  <Position Start='0' Length='4' Name='C_UDDEP' DataType='Float' DataFormat='{0:0.0}' Justification='Right'/>
  <Position Start='0' Length='4' Name='C_PINSET' DataType='Float' DataFormat='{0:0}' Justification='Right'/> 
  <!--TODO: Components of Survival Index-->
  <Position Start='0' Length='4' Name='SURV_C_SURD' DataType='Float' DataFormat='{0:0}' Justification='Right'/>
  <Position Start='0' Length='4' Name='SURV_C_LIKE' DataType='Float' DataFormat='{0:0}' Justification='Right'/>
  <Position Start='0' Length='4' Name='SURV_C_OTYPE' DataType='Float' DataFormat='{0:0}' Justification='Right'/>
  <Position Start='0' Length='4' Name='SURV_C_UDDEP' DataType='Float' DataFormat='{0:0}' Justification='Right'/>
  <Position Start='0' Length='4' Name='SURV_C_PINSET' DataType='Float' DataFormat='{0:0}' Justification='Right'/>
  <!--TODO: Components of Liveweight-->
  <Position Start='0' Length='4' Name='LWT_C_STAT' DataType='Float' DataFormat='{0:0}' Justification='Right'/>
  <Position Start='0' Length='4' Name='LWT_C_BODYD' DataType='Float' DataFormat='{0:0}' Justification='Right'/>
  <Position Start='0' Length='4' Name='LWT_C_CHEST' DataType='Float' DataFormat='{0:0}' Justification='Right'/>
  <!--TODO: ABVs for Production Traits-->
  <Position Start='0' Length='4' Name='ASI' DataType='Float' DataFormat='{0:0}' Justification='Right'/>
  <Position Start='0' Length='4' Name='PROT_BV' DataType='Float' DataFormat='{0:0}' Justification='Right'/>  
  <Position Start='0' Length='5' Name='PROTP_BV' DataType='Float' DataFormat='{0:0.00}' Justification='Right'/>
  <Position Start='0' Length='5' Name='MILK_BV' DataType='Float' DataFormat='{0:0}' Justification='Right'/>
  <Position Start='0' Length='4' Name='FAT_BV' DataType='Float' DataFormat='{0:0}' Justification='Right'/>
  <Position Start='0' Length='5' Name='FATP_BV' DataType='Float' DataFormat='{0:0.00}' Justification='Right'/>
  <!--TODO: Amount of data for Production Traits-->
  <Position Start='0' Length='2' Name='PROT_REL' DataType='Float' DataFormat='{0:0}' Justification='Right'/>
  <Position Start='0' Length='6' Name='DTRS_NO_OBS' Justification='Right'/>
  <Position Start='0' Length='5' Name='DTRS_NO_HERDS' DataType='Int' Justification='Right'/>  
  <Position Start='0' Length='6' Name='DTRS_NO_EFF' Justification='Right'/>
  <Position Start='0' Length='4' Name='DTRS_NO_H1' Justification='Right'/>
  <Position Start='0' Length='4' Name='DTRS_NO_H2' Justification='Right'/>
  <Position Start='0' Length='3' Name='DTRS_RIP' Justification='Right'/>  
  <!--TODO: International Daughter Numbers for Production Traits-->
  <Position Start='0' Length='2' Name='YGEN_NO_CTY' DataType='Int' Justification='Right'/>  
  <Position Start='0' Length='3' Name='IDTRS_YIELD_CTRY1' DataType='Text' Justification='Left'/>
  <Position Start='0' Length='6' Name='IDTRS_YIELD_OBS1' DataType='Int' Justification='Right'/>
  <Position Start='0' Length='3' Name='IDTRS_YIELD_CTRY2' DataType='Text' Justification='Left'/>
  <Position Start='0' Length='6' Name='IDTRS_YIELD_OBS2' DataType='Int' Justification='Right'/>
  <Position Start='0' Length='3' Name='IDTRS_YIELD_CTRY3' DataType='Text' Justification='Left'/>
  <Position Start='0' Length='6' Name='IDTRS_YIELD_OBS3' DataType='Int' Justification='Right'/>
  <Position Start='0' Length='3' Name='IDTRS_YIELD_CTRY4' DataType='Text' Justification='Left'/>
  <Position Start='0' Length='6' Name='IDTRS_YIELD_OBS4' DataType='Int' Justification='Right'/>
  <Position Start='0' Length='3' Name='IDTRS_YIELD_CTRY5' DataType='Text' Justification='Left'/>
  <Position Start='0' Length='6' Name='IDTRS_YIELD_OBS5' DataType='Int' Justification='Right'/>
   <!--TODO: ABV Analysis Details for Production Traits-->
  <Position Start='0' Length='1' Name='YGEN_BREED' DataType='Text' Justification='Left'/>
  <Position Start='0' Length='8' Name='YGEN_DOR' DataType='Date' DataFormat='yyyyMMdd' Justification='Left'/>
  <Position Start='0' Length='1' Name='YGEN_SOURCE' DataType='Text' Justification='Left'/>
  <Position Start='0' Length='1' Name='YGEN_PUBLISH' DataType='Text' Justification='Left'/>
  <Position Start='0' Length='1' Name='YGEN_FOREIGN' DataType='Text' Justification='Left'/>
  <!--TODO: ABVs for Conformation Traits-->
  <Position Start='0' Length='3' Name='OTYPE_BV' DataType='Float' DataFormat='{0:0}' Justification='Right'/>
  <Position Start='0' Length='3' Name='OFEET_LEGS' DataType='Float' DataFormat='{0:0}' Justification='Right'/>
  <Position Start='0' Length='3' Name='MAMM_BV' DataType='Float' DataFormat='{0:0}' Justification='Right'/>
  <Position Start='0' Length='3' Name='STAT_BV' DataType='Float' DataFormat='{0:0}' Justification='Right'/>
  <Position Start='0' Length='3' Name='UDTEX_BV' DataType='Float' DataFormat='{0:0}' Justification='Right'/>
  <Position Start='0' Length='3' Name='BONE_BV' DataType='Float' DataFormat='{0:0}' Justification='Right'/>
  <Position Start='0' Length='3' Name='ANGUL_BV' DataType='Float' DataFormat='{0:0}' Justification='Right'/>
  <Position Start='0' Length='3' Name='MUZW_BV' DataType='Float' DataFormat='{0:0}' Justification='Right'/>
  <Position Start='0' Length='3' Name='BODYL_BV' DataType='Float' DataFormat='{0:0}' Justification='Right'/>
  <Position Start='0' Length='3' Name='BODYD_BV' DataType='Float' DataFormat='{0:0}' Justification='Right'/>
  <Position Start='0' Length='3' Name='CHESTW_BV' DataType='Float' DataFormat='{0:0}' Justification='Right'/>
  <Position Start='0' Length='3' Name='RUMPL_BV' DataType='Float' DataFormat='{0:0}' Justification='Right'/>
  <Position Start='0' Length='3' Name='PINW_BV' DataType='Float' DataFormat='{0:0}' Justification='Right'/>
  <Position Start='0' Length='3' Name='PINSET_BV' DataType='Float' DataFormat='{0:0}' Justification='Right'/>
  <Position Start='0' Length='3' Name='FOOTA_BV' DataType='Float' DataFormat='{0:0}' Justification='Right'/>
  <Position Start='0' Length='3' Name='RSET_BV' DataType='Float' DataFormat='{0:0}' Justification='Right'/>
  <Position Start='0' Length='3' Name='RLEG_BV' DataType='Float' DataFormat='{0:0}' Justification='Right'/>
  <Position Start='0' Length='3' Name='HEEL_DEPTH' DataType='Float' DataFormat='{0:0}' Justification='Right'/>
  <Position Start='0' Length='3' Name='UDDEP_BV' DataType='Float' DataFormat='{0:0}' Justification='Right'/>
  <Position Start='0' Length='3' Name='FOREA_BV' DataType='Float' DataFormat='{0:0}' Justification='Right'/>
  <Position Start='0' Length='3' Name='REAR_AH_BV' DataType='Float' DataFormat='{0:0}' Justification='Right'/>
  <Position Start='0' Length='3' Name='REAR_AW_BV' DataType='Float' DataFormat='{0:0}' Justification='Right'/>
  <Position Start='0' Length='3' Name='CENT_L_BV' DataType='Float' DataFormat='{0:0}' Justification='Right'/>
  <Position Start='0' Length='3' Name='TEAT_PF_BV' DataType='Float' DataFormat='{0:0}' Justification='Right'/>
  <Position Start='0' Length='3' Name='TEAT_L_BV' DataType='Float' DataFormat='{0:0}' Justification='Right'/>
  <Position Start='0' Length='3' Name='LOIN_BV' DataType='Float' DataFormat='{0:0}' Justification='Right'/>
  <Position Start='0' Length='3' Name='FRONT_H_BV' DataType='Float' DataFormat='{0:0}' Justification='Right'/>
  <Position Start='0' Length='3' Name='TEAT_PR_BV' DataType='Float' DataFormat='{0:0}' Justification='Right'/>
  <Position Start='0' Length='3' Name='CONDITION_SCORE' DataType='Float' DataFormat='{0:0}' Justification='Right'/>
  <!--TODO: Amount of data for old Conformation Traits-->
  <Position Start='0' Length='2' Name='TGEN_REL' DataType='Float' DataFormat='{0:0}' Justification='Right'/>
  <Position Start='0' Length='6' Name='TGEN_NO_OBS' DataType='Int' Justification='Right'/>
  <Position Start='0' Length='5' Name='TGEN_NO_HERDS' DataType='Int' Justification='Right'/>
  <Position Start='0' Length='6' Name='TGEN_NO_EFF' DataType='Int' Justification='Right'/>
  <!--TODO: Amount of data for Overall Type-->
  <Position Start='0' Length='2' Name='OTYPE_REL' DataType='Float' DataFormat='{0:0}' Justification='Right'/>
  <Position Start='0' Length='6' Name='OTYPE_NO_OBS' DataType='Int' Justification='Right'/>
  <Position Start='0' Length='5' Name='OTYPE_NO_HERDS' DataType='Int' Justification='Right'/>
  <Position Start='0' Length='6' Name='OTYPE_NO_EFF' DataType='Int' Justification='Right'/>
  <!--TODO: Amount of data for Mammary System-->
  <Position Start='0' Length='2' Name='MAMM_REL' DataType='Float' DataFormat='{0:0}' Justification='Right'/>
  <Position Start='0' Length='6' Name='MAMM_NO_OBS' DataType='Int' Justification='Right'/>
  <Position Start='0' Length='5' Name='MAMM_NO_HERDS' DataType='Int' Justification='Right'/>
  <Position Start='0' Length='6' Name='MAMM_NO_EFF' DataType='Int' Justification='Right'/>
  <!--TODO: Amount of data for Stature-->
  <Position Start='0' Length='2' Name='STAT_REL' DataType='Float' DataFormat='{0:0}' Justification='Right'/>
  <Position Start='0' Length='6' Name='STAT_NO_OBS' DataType='Int' Justification='Right'/>
  <Position Start='0' Length='5' Name='STAT_NO_HERDS' DataType='Int' Justification='Right'/>
  <Position Start='0' Length='6' Name='STAT_NO_EFF' DataType='Int' Justification='Right'/>
  <!--TODO: Amount of data for Udder Texture-->
  <Position Start='0' Length='2' Name='UDTEX_REL' DataType='Float' DataFormat='{0:0}' Justification='Right'/>
  <Position Start='0' Length='6' Name='UDTEX_NO_OBS' DataType='Int' Justification='Right'/>
  <Position Start='0' Length='5' Name='UDTEX_NO_HERDS' DataType='Int' Justification='Right'/>
  <Position Start='0' Length='6' Name='UDTEX_NO_EFF' DataType='Int' Justification='Right'/>
  <!--TODO: Amount of data for Bone Quality-->
  <Position Start='0' Length='2' Name='BONE_REL' DataType='Float' DataFormat='{0:0}' Justification='Right'/>
  <Position Start='0' Length='6' Name='BONE_NO_OBS' DataType='Int' Justification='Right'/>
  <Position Start='0' Length='5' Name='BONE_NO_HERDS' DataType='Int' Justification='Right'/>
  <Position Start='0' Length='6' Name='BONE_NO_EFF' DataType='Int' Justification='Right'/>
  <!--TODO: Amount of data for Angularity-->
  <Position Start='0' Length='2' Name='ANGUL_REL' DataType='Float' DataFormat='{0:0}' Justification='Right'/>
  <Position Start='0' Length='6' Name='ANGUL_NO_OBS' DataType='Int' Justification='Right'/>
  <Position Start='0' Length='5' Name='ANGUL_NO_HERDS' DataType='Int' Justification='Right'/>
  <Position Start='0' Length='6' Name='ANGUL_NO_EFF' DataType='Int' Justification='Right'/>
  <!--TODO: Amount of data for Muzzle Width-->
  <Position Start='0' Length='2' Name='MUZW_REL' DataType='Float' DataFormat='{0:0}' Justification='Right'/>
  <Position Start='0' Length='6' Name='MUZW_NO_OBS' DataType='Int' DataFormat='{0:0}' Justification='Right'/>
  <Position Start='0' Length='5' Name='MUZW_NO_HERDS' DataType='Int' Justification='Right'/>
  <Position Start='0' Length='6' Name='MUZW_NO_EFF' DataType='Int' Justification='Right'/>
  <!--TODO: Amount of data for Body Length-->
  <Position Start='0' Length='2' Name='BODYL_REL' DataType='Float' DataFormat='{0:0}' Justification='Right'/>
  <Position Start='0' Length='6' Name='BODYL_NO_OBS' DataType='Int' Justification='Right'/>
  <Position Start='0' Length='5' Name='BODYL_NO_HERDS' DataType='Int' Justification='Right'/>
  <Position Start='0' Length='6' Name='BODYL_NO_EFF' DataType='Int' Justification='Right'/>
  <!--TODO: Amount of data for Body Depth-->
  <Position Start='0' Length='2' Name='BODYD_REL' DataType='Float' DataFormat='{0:0}' Justification='Right'/>
  <Position Start='0' Length='6' Name='BODYD_NO_OBS' DataType='Int' Justification='Right'/>
  <Position Start='0' Length='5' Name='BODYD_NO_HERDS' DataType='Int' Justification='Right'/>
  <Position Start='0' Length='6' Name='BODYD_NO_EFF' DataType='Int' Justification='Right'/>
  <!--TODO: Amount of data for Chest Width-->
  <Position Start='0' Length='2' Name='CHESTW_REL' DataType='Float' DataFormat='{0:0}' Justification='Right'/>
  <Position Start='0' Length='6' Name='CHESTW_NO_OBS' DataType='Int' Justification='Right'/>
  <Position Start='0' Length='5' Name='CHESTW_NO_HERDS' DataType='Int' Justification='Right'/>
  <Position Start='0' Length='6' Name='ANGUL_NO_EFF' DataType='Int' Justification='Right'/>
  <!--TODO: Amount of data for Rump Length-->
  <Position Start='0' Length='2' Name='RUMPL_REL' DataType='Float' DataFormat='{0:0}' Justification='Right'/>
  <Position Start='0' Length='6' Name='RUMPL_NO_OBS' DataType='Int' Justification='Right'/>
  <Position Start='0' Length='5' Name='RUMPL_NO_HERDS' DataType='Int' Justification='Right'/>
  <Position Start='0' Length='6' Name='RUMPL_NO_EFF' DataType='Int' Justification='Right'/>
  <!--TODO: Amount of data for Pin Width-->
  <Position Start='0' Length='2' Name='PINW_REL' DataType='Float' DataFormat='{0:0}' Justification='Right'/>
  <Position Start='0' Length='6' Name='PINW_NO_OBS' DataType='Int' Justification='Right'/>
  <Position Start='0' Length='5' Name='PINW_NO_HERDS' DataType='Int' Justification='Right'/>
  <Position Start='0' Length='6' Name='PINW_NO_EFF' DataType='Int' Justification='Right'/>
  <!--TODO: Amount of data for Pin Set-->
  <Position Start='0' Length='2' Name='PINSET_REL' DataType='Float' DataFormat='{0:0}' Justification='Right'/>
  <Position Start='0' Length='6' Name='PINSET_NO_OBS' DataType='Int' Justification='Right'/>
  <Position Start='0' Length='5' Name='PINSET_NO_HERDS' DataType='Int' Justification='Right'/>
  <Position Start='0' Length='6' Name='PINSET_NO_EFF' DataType='Int' Justification='Right'/>
  <!--TODO: Amount of data for Foot Angle-->
  <Position Start='0' Length='2' Name='FOOT_A_REL' DataType='Float' DataFormat='{0:0}' Justification='Right'/>
  <Position Start='0' Length='6' Name='FOOT_A_NO_OBS' DataType='Int' Justification='Right'/>
  <Position Start='0' Length='5' Name='FOOT_A_NO_HERDS' DataType='Int' Justification='Right'/>
  <Position Start='0' Length='6' Name='FOOT_A_NO_EFF' DataType='Int' Justification='Right'/>
  <!--TODO: Amount of data for Rear Set of Leg-->
  <Position Start='0' Length='2' Name='RSET_REL' DataType='Float' DataFormat='{0:0}' Justification='Right'/>
  <Position Start='0' Length='6' Name='RSET_NO_OBS' DataType='Int' Justification='Right'/>
  <Position Start='0' Length='5' Name='RSET_NO_HERDS' DataType='Int' Justification='Right'/>
  <Position Start='0' Length='6' Name='RSET_NO_EFF' DataType='Int' Justification='Right'/>
  <!--TODO: Amount of data for Rear Leg Rear View-->
  <Position Start='0' Length='2' Name='RLEG_REL' DataType='Float' DataFormat='{0:0}' Justification='Right'/>
  <Position Start='0' Length='6' Name='RLEG_NO_OBS' DataType='Int' Justification='Right'/>
  <Position Start='0' Length='5' Name='RLEG_NO_HERDS' DataType='Int' Justification='Right'/>
  <Position Start='0' Length='6' Name='RLEG_NO_EFF' DataType='Int' Justification='Right'/>
  <!--TODO: Amount of data for Udder Depth-->
  <Position Start='0' Length='2' Name='UDDEP_REL' DataType='Float' DataFormat='{0:0}' Justification='Right'/>
  <Position Start='0' Length='6' Name='UDDEP_NO_OBS' DataType='Int' Justification='Right'/>
  <Position Start='0' Length='5' Name='UDDEP_NO_HERDS' DataType='Int' Justification='Right'/>
  <Position Start='0' Length='6' Name='UDDEP_NO_EFF' DataType='Int' Justification='Right'/>
  <!--TODO: Amount of data for Fore Attachment-->
  <Position Start='0' Length='2' Name='FORE_A_REL' DataType='Float' DataFormat='{0:0}' Justification='Right'/>
  <Position Start='0' Length='6' Name='FORE_A_NO_OBS' DataType='Int' Justification='Right'/>
  <Position Start='0' Length='5' Name='FORE_A_NO_HERDS' DataType='Int' Justification='Right'/>
  <Position Start='0' Length='6' Name='FORE_A_NO_EFF' DataType='Int' Justification='Right'/>
  <!--TODO: Amount of data for Rear Attachment Height-->
  <Position Start='0' Length='2' Name='REAR_AH_REL' DataType='Float' DataFormat='{0:0}' Justification='Right'/>
  <Position Start='0' Length='6' Name='REAR_AH_NO_OBS' DataType='Int' Justification='Right'/>
  <Position Start='0' Length='5' Name='REAR_AH_NO_HERDS' DataType='Int' Justification='Right'/>
  <Position Start='0' Length='6' Name='REAR_AH_NO_EFF' DataType='Int' Justification='Right'/>
  <!--TODO: Amount of data for Rear Attachment Width-->
  <Position Start='0' Length='2' Name='REAR_AW_REL' DataType='Float' DataFormat='{0:0}' Justification='Right'/>
  <Position Start='0' Length='6' Name='REAR_AW_NO_OBS' DataType='Int' Justification='Right'/>
  <Position Start='0' Length='5' Name='REAR_AW_NO_HERDS' DataType='Int' Justification='Right'/>
  <Position Start='0' Length='6' Name='REAR_AW_NO_EFF' DataType='Int' Justification='Right'/>
  <!--TODO: Amount of data for Centre Ligament-->
  <Position Start='0' Length='2' Name='CENT_L_REL' DataType='Float' DataFormat='{0:0}' Justification='Right'/>
  <Position Start='0' Length='6' Name='CENT_L_NO_OBS' DataType='Int' Justification='Right'/>
  <Position Start='0' Length='5' Name='CENT_L_NO_HERDS' DataType='Int' Justification='Right'/>
  <Position Start='0' Length='6' Name='CENT_L_NO_EFF' DataType='Int' Justification='Right'/>
  <!--TODO: Amount of data for Teat Placement Fore-->
  <Position Start='0' Length='2' Name='TEAT_PF_REL' DataType='Float' DataFormat='{0:0}' Justification='Right'/>
  <Position Start='0' Length='6' Name='TEAT_PF_NO_OBS' DataType='Int' Justification='Right'/>
  <Position Start='0' Length='5' Name='TEAT_PF_NO_HERDS' DataType='Int' Justification='Right'/>
  <Position Start='0' Length='6' Name='TEAT_PF_NO_EFF' DataType='Int' Justification='Right'/>
  <!--TODO: Amount of data for Teat Length-->
  <Position Start='0' Length='2' Name='TEAT_L_REL' DataType='Float' DataFormat='{0:0}' Justification='Right'/>
  <Position Start='0' Length='6' Name='TEAT_L_NO_OBS' DataType='Int' Justification='Right'/>
  <Position Start='0' Length='5' Name='TEAT_L_NO_HERDS' DataType='Int' Justification='Right'/>
  <Position Start='0' Length='6' Name='TEAT_L_NO_EFF' DataType='Int' Justification='Right'/>
  <!--TODO: Amount of data for Loin Strength -->
  <Position Start='0' Length='2' Name='LOIN_REL' DataType='Float' DataFormat='{0:0}' Justification='Right'/>
  <Position Start='0' Length='6' Name='LOIN_NO_OBS' DataType='Int' Justification='Right'/>
  <Position Start='0' Length='5' Name='LOIN_NO_HERDS' DataType='Int' Justification='Right'/>
  <Position Start='0' Length='6' Name='LOIN_NO_EFF' DataType='Int' Justification='Right'/>
  <!--TODO: Amount of data for Front End Height-->
  <Position Start='0' Length='2' Name='FRONT_H_REL' DataType='Float' DataFormat='{0:0}' Justification='Right'/>
  <Position Start='0' Length='6' Name='FRONT_H_NO_OBS' DataType='Int' Justification='Right'/>
  <Position Start='0' Length='5' Name='FRONT_H_NO_HERDS' DataType='Int' Justification='Right'/>
  <Position Start='0' Length='6' Name='FRONT_H_NO_EFF' DataType='Int' Justification='Right'/>
  <!--TODO: Amount of data for Teat Placement Rear-->
  <Position Start='0' Length='2' Name='TEAT_PR_REL' DataType='Float' DataFormat='{0:0}' Justification='Right'/>
  <Position Start='0' Length='6' Name='TEAT_PR_NO_OBS' DataType='Int' Justification='Right'/>
  <Position Start='0' Length='5' Name='TEAT_PR_NO_HERDS' DataType='Int' Justification='Right'/>
  <Position Start='0' Length='6' Name='TEAT_PR_NO_EFF' DataType='Int' Justification='Right'/>  
  <!--TODO: Amount of data for Condition Score-->
  <Position Start='0' Length='2' Name='BCS_LEAVE_BLANK_REL' DataType='Float' DataFormat='{0:0}' Justification='Right'/>
  <Position Start='0' Length='6' Name='NO_DAUGHTERS_BCS_BLANK' DataType='Int' Justification='Right'/>
  <Position Start='0' Length='5' Name='NO_HERDS_BCS_LEAVE_BLANK' DataType='Int' Justification='Right'/>
  <Position Start='0' Length='6' Name='NO_EFFECTIVE_DAUGHTERS_BCS_BLANK' DataType='Int' Justification='Right'/>
  <!--TODO: International Daughter Numbers for Conformation Traits-->
  <Position Start='0' Length='2' Name='TGEN_NO_CTY' DataType='Int' Justification='Right'/>
  <Position Start='0' Length='3' Name='IDTRS_CONF_CTRY1' DataType='Text' Justification='Left'/>
  <Position Start='0' Length='6' Name='IDTRS_CONF_OBS1' DataType='Int' Justification='Right'/>
  <Position Start='0' Length='3' Name='IDTRS_CONF_CTRY2' DataType='Text' Justification='Left'/>
  <Position Start='0' Length='6' Name='IDTRS_CONF_OBS2' DataType='Int' Justification='Right'/>
  <Position Start='0' Length='3' Name='IDTRS_CONF_CTRY3' DataType='Text' Justification='Left'/>
  <Position Start='0' Length='6' Name='IDTRS_CONF_OBS3' DataType='Int' Justification='Right'/>
  <Position Start='0' Length='3' Name='IDTRS_CONF_CTRY4' DataType='Text' Justification='Left'/>
  <Position Start='0' Length='6' Name='IDTRS_CONF_OBS4' DataType='Int' Justification='Right'/>
  <Position Start='0' Length='3' Name='IDTRS_CONF_CTRY5' DataType='Text' Justification='Left'/>
  <Position Start='0' Length='6' Name='IDTRS_CONF_OBS5' DataType='Int' Justification='Right'/>
   <!--TODO: ABV Analysis Details for Conformation Traits-->
  <Position Start='0' Length='1' Name='TGEN_BREED' DataType='Text' Justification='Left'/>
  <Position Start='0' Length='8' Name='TGEN_DOR' DataType='Date' DataFormat='yyyyMMdd' Justification='Left'/>
  <Position Start='0' Length='1' Name='TGEN_SOURCE' DataType='Text' Justification='Left'/>
  <Position Start='0' Length='1' Name='TGEN_PUBLISH' DataType='Text' Justification='Left'/>
  <Position Start='0' Length='1' Name='TGEN_FOREIGN' DataType='Text' Justification='Left'/>  
   <!--TODO: ABVs for Workability Traits-->
  <Position Start='0' Length='3' Name='MSPEED_BV' DataType='Float' DataFormat='{0:0}' Justification='Right'/>
  <Position Start='0' Length='3' Name='TEMP_BV' DataType='Float' DataFormat='{0:0}' Justification='Right'/>
  <Position Start='0' Length='3' Name='LIKE_BV' DataType='Float' DataFormat='{0:0}' Justification='Right'/>
  <!--TODO: Amount of data for Workability Traits-->
  <Position Start='0' Length='2' Name='MSPEED_REL' DataType='Float' DataFormat='{0:0}' Justification='Right'/>
  <Position Start='0' Length='6' Name='WGEN_NO_OBS' DataType='Int' Justification='Right'/>
  <Position Start='0' Length='5' Name='WGEN_NO_HERDS' DataType='Int' Justification='Right'/>
  <Position Start='0' Length='6' Name='WGEN_NO_EFF' DataType='Text' Justification='Right'/>
   <!--TODO: International Daughter Numbers for Workability Traits-->
  <Position Start='0' Length='2' Name='WGEN_NO_CTY' DataType='Int' Justification='Right'/>
  <Position Start='0' Length='3' Name='IDTRS_WORK_CTRY1' DataType='Text' Justification='Left'/>
  <Position Start='0' Length='6' Name='IDTRS_WORK_OBS1' DataType='Int' Justification='Right'/>
  <Position Start='0' Length='3' Name='IDTRS_WORK_CTRY2' DataType='Text' Justification='Left'/>
  <Position Start='0' Length='6' Name='IDTRS_WORK_OBS2' DataType='Int' Justification='Right'/>
  <Position Start='0' Length='3' Name='IDTRS_WORK_CTRY3' DataType='Text' Justification='Left'/>
  <Position Start='0' Length='6' Name='IDTRS_WORK_OBS3' DataType='Int' Justification='Right'/>
  <Position Start='0' Length='3' Name='IDTRS_WORK_CTRY4' DataType='Text' Justification='Left'/>
  <Position Start='0' Length='6' Name='IDTRS_WORK_OBS4' DataType='Int' Justification='Right'/>
  <Position Start='0' Length='3' Name='IDTRS_WORK_CTRY5' DataType='Text' Justification='Left'/>
  <Position Start='0' Length='6' Name='IDTRS_WORK_OBS5' DataType='Int' Justification='Right'/>
   <!--TODO: ABV Analysis Details for Workability Traits-->
  <Position Start='0' Length='1' Name='WGEN_BREED' DataType='Text' Justification='Left'/>
  <Position Start='0' Length='8' Name='WGEN_DOR' DataType='Date' DataFormat='yyyyMMdd' Justification='Left'/>
  <Position Start='0' Length='1' Name='WGEN_SOURCE' DataType='Text' Justification='Left'/>
  <Position Start='0' Length='1' Name='WGEN_PUBLISH' DataType='Text' Justification='Left'/>
  <Position Start='0' Length='1' Name='WGEN_FOREIGN' DataType='Text' Justification='Left'/>
  <Position Start='0' Length='3' Name='SURVDI_BV' DataType='Float' DataFormat='{0:0}' Justification='Right'/>
   <!--TODO: ABV and Reliability for Survival-->
  <Position Start='0' Length='2' Name='SURVDI_REL' DataType='Float' DataFormat='{0:0}' Justification='Right'/>
  <Position Start='0' Length='3' Name='SURV_BV' DataType='Float' DataFormat='{0:0}' Justification='Right'/>
  <Position Start='0' Length='2' Name='SURV_REL' DataType='Float' DataFormat='{0:0}' Justification='Right'/>
  <Position Start='0' Length='6' Name='SURV_NO_OBS' DataType='Int' Justification='Right'/>
  <Position Start='0' Length='5' Name='SURV_NO_HERDS' DataType='Int' Justification='Right'/>
  <Position Start='0' Length='6' Name='SURV_NO_EFF' DataType='Text' Justification='Right'/>
   <!--TODO: International Daughter Numbers for Survival-->
  <Position Start='0' Length='2' Name='SURV_NO_CTY' DataType='Int' Justification='Right'/>
  <Position Start='0' Length='3' Name='IDTRS_SURV_CTRY1' DataType='Text' Justification='Left'/>
  <Position Start='0' Length='6' Name='IDTRS_SURV_OBS1' DataType='Int' Justification='Right'/>
  <Position Start='0' Length='3' Name='IDTRS_SURV_CTRY2' DataType='Text' Justification='Left'/>
  <Position Start='0' Length='6' Name='IDTRS_SURV_OBS2' DataType='Int' Justification='Right'/>
  <Position Start='0' Length='3' Name='IDTRS_SURV_CTRY3' DataType='Text' Justification='Left'/>
  <Position Start='0' Length='6' Name='IDTRS_SURV_OBS3' DataType='Int' Justification='Right'/>
  <Position Start='0' Length='3' Name='IDTRS_SURV_CTRY4' DataType='Text' Justification='Left'/>
  <Position Start='0' Length='6' Name='IDTRS_SURV_OBS4' DataType='Int' Justification='Right'/>
  <Position Start='0' Length='3' Name='IDTRS_SURV_CTRY5' DataType='Text' Justification='Left'/>
  <Position Start='0' Length='6' Name='IDTRS_SURV_OBS5' DataType='Int' Justification='Right'/>
   <!--TODO: ABV Analysis Details for Survival-->
  <Position Start='0' Length='1' Name='SURV_BREED' DataType='Text' Justification='Left'/>
  <Position Start='0' Length='8' Name='SURV_DOR' DataType='Date' DataFormat='yyyyMMdd' Justification='Left'/>
  <Position Start='0' Length='1' Name='SURV_SOURCE' DataType='Text' Justification='Left'/>
  <Position Start='0' Length='1' Name='SURV_PUBLISH' DataType='Text' Justification='Left'/>
  <Position Start='0' Length='1' Name='SURV_FOREIGN' DataType='Text' Justification='Left'/>
  <!--TODO: ABV for Calving Ease-->
  <Position Start='0' Length='3' Name='EASE_BV' DataType='Float' DataFormat='{0:0}' Justification='Right'/>
   <!--TODO: Amount of data for Calving Ease-->
  <Position Start='0' Length='2' Name='EASE_REL' DataType='Float' DataFormat='{0:0}' Justification='Right'/>
  <Position Start='0' Length='6' Name='EASE_NO_OBS' DataType='Int' Justification='Right'/>
  <Position Start='0' Length='5' Name='EASE_NO_HERDS' DataType='Int' Justification='Right'/>
  <Position Start='0' Length='6' Name='EASE_NO_EFF' DataType='Text' Justification='Right'/>
   <!--TODO: International Daughter Numbers for Calving Ease-->
  <Position Start='0' Length='2' Name='EASE_NO_CTY' DataType='Int' Justification='Right'/>
  <Position Start='0' Length='3' Name='IDTRS_EASE_CTRY1' DataType='Text' Justification='Left'/>
  <Position Start='0' Length='6' Name='IDTRS_EASE_OBS1' DataType='Int' Justification='Right'/>
  <Position Start='0' Length='3' Name='IDTRS_EASE_CTRY2' DataType='Text' Justification='Left'/>
  <Position Start='0' Length='6' Name='IDTRS_EASE_OBS2' DataType='Int' Justification='Right'/>
  <Position Start='0' Length='3' Name='IDTRS_EASE_CTRY3' DataType='Text' Justification='Left'/>
  <Position Start='0' Length='6' Name='IDTRS_EASE_OBS3' DataType='Int' Justification='Right'/>
  <Position Start='0' Length='3' Name='IDTRS_EASE_CTRY4' DataType='Text' Justification='Left'/>
  <Position Start='0' Length='6' Name='IDTRS_EASE_OBS4' DataType='Int' Justification='Right'/>
  <Position Start='0' Length='3' Name='IDTRS_EASE_CTRY5' DataType='Text' Justification='Left'/>
  <Position Start='0' Length='6' Name='IDTRS_EASE_OBS5' DataType='Int' Justification='Right'/>
   <!--TODO: ABV Analysis Details for Calving Ease-->
  <Position Start='0' Length='1' Name='EASE_BREED' DataType='Text' Justification='Left'/>
  <Position Start='0' Length='8' Name='EASE_DOR' DataType='Date' DataFormat='yyyyMMdd' Justification='Left'/>
  <Position Start='0' Length='1' Name='EASE_SOURCE' DataType='Text' Justification='Left'/>
  <Position Start='0' Length='1' Name='EASE_PUBLISH' DataType='Text' Justification='Left'/>
  <Position Start='0' Length='1' Name='EASE_FOREIGN' DataType='Text' Justification='Left'/>
  <!--TODO: ABV for Somatic Cell Count-->
  <Position Start='0' Length='4' Name='SCC_BV' DataType='Float' DataFormat='{0:0}' Justification='Right'/>
   <!--TODO: Amount of data for Somatic Cell Count-->
  <Position Start='0' Length='2' Name='SCC_REL' DataType='Float' DataFormat='{0:0}' Justification='Right'/>
  <Position Start='0' Length='6' Name='SCC_NO_OBS' DataType='Int' Justification='Right'/>
  <Position Start='0' Length='5' Name='SCC_NO_HERDS' DataType='Int' Justification='Right'/>
  <Position Start='0' Length='6' Name='SCC_NO_EFF' DataType='Text' Justification='Right'/>
   <!--TODO: International Daughter Numbers for Somatic Cell Count-->
  <Position Start='0' Length='2' Name='SCC_NO_CTY' DataType='Int' Justification='Right'/>
  <Position Start='0' Length='3' Name='IDTRS_SCC_CTRY1' DataType='Text' Justification='Left'/>
  <Position Start='0' Length='6' Name='IDTRS_SCC_OBS1' DataType='Int' Justification='Right'/>
  <Position Start='0' Length='3' Name='IDTRS_SCC_CTRY2' DataType='Text' Justification='Left'/>
  <Position Start='0' Length='6' Name='IDTRS_SCC_OBS2' DataType='Int' Justification='Right'/>
  <Position Start='0' Length='3' Name='IDTRS_SCC_CTRY3' DataType='Text' Justification='Left'/>
  <Position Start='0' Length='6' Name='IDTRS_SCC_OBS3' DataType='Int' Justification='Right'/>
  <Position Start='0' Length='3' Name='IDTRS_SCC_CTRY4' DataType='Text' Justification='Left'/>
  <Position Start='0' Length='6' Name='IDTRS_SCC_OBS4' DataType='Int' Justification='Right'/>
  <Position Start='0' Length='3' Name='IDTRS_SCC_CTRY5' DataType='Text' Justification='Left'/>
  <Position Start='0' Length='6' Name='IDTRS_SCC_OBS5' DataType='Int' Justification='Right'/>
   <!--TODO: ABV Analysis Details for Somatic Cell Count-->
  <Position Start='0' Length='1' Name='SCC_BREED' DataType='Text' Justification='Left'/>
  <Position Start='0' Length='8' Name='SCC_DOR' DataType='Date' DataFormat='yyyyMMdd' Justification='Left'/>
  <Position Start='0' Length='1' Name='SCC_SOURCE' DataType='Text' Justification='Left'/>
  <Position Start='0' Length='1' Name='SCC_PUBLISH' DataType='Text' Justification='Left'/>
  <Position Start='0' Length='1' Name='SCC_FOREIGN' DataType='Text' Justification='Left'/>
  <!--TODO: ABV and Reliability for Liveweight-->
  <Position Start='0' Length='4' Name='LWT_BV' DataType='Float' DataFormat='{0:0}' Justification='Right'/>
  <!--TODO: ABV Analysis Details for Liveweight-->
  <Position Start='0' Length='2' Name='LWT_REL' DataType='Float' DataFormat='{0:0}' Justification='Right'/>
  <Position Start='0' Length='1' Name='LWT_BREED' DataType='Text' Justification='Left'/>
  <Position Start='0' Length='8' Name='LWT_DOR' DataType='Date' DataFormat='yyyyMMdd' Justification='Left'/>
  <Position Start='0' Length='1' Name='LWT_SOURCE' DataType='Text' Justification='Left'/>
  <Position Start='0' Length='1' Name='LWT_PUBLISH' DataType='Text' Justification='Left'/>
  <Position Start='0' Length='1' Name='LWT_FOREIGN' DataType='Text' Justification='Left'/>  
  <!--TODO: ABV for Cow Fertility-->
  <Position Start='0' Length='4' Name='FERT_BV' DataType='Float' DataFormat='{0:0}' Justification='Right'/>
  <!--TODO: Amount of data for Cow Fertility-->
  <Position Start='0' Length='2' Name='FERT_REL' DataType='Float' DataFormat='{0:0}' Justification='Right'/>
  <Position Start='0' Length='6' Name='FERT_NO_OBS' DataType='Int' Justification='Right'/>
  <Position Start='0' Length='5' Name='FERT_NO_HERDS' DataType='Int' Justification='Right'/>
  <Position Start='0' Length='6' Name='FERT_NO_EFF' DataType='Text' Justification='Right'/>
  <!--TODO: International Daughter Numbers for Cow Fertility-->
  <Position Start='0' Length='2' Name='FERT_NO_CTY' DataType='Int' Justification='Right'/>
  <Position Start='0' Length='3' Name='IDTRS_FERT_CTRY1' DataType='Text' Justification='Left'/>
  <Position Start='0' Length='6' Name='IDTRS_FERT_OBS1' DataType='Int' Justification='Right'/>
  <Position Start='0' Length='3' Name='IDTRS_FERT_CTRY2' DataType='Text' Justification='Left'/>
  <Position Start='0' Length='6' Name='IDTRS_FERT_OBS2' DataType='Int' Justification='Right'/>
  <Position Start='0' Length='3' Name='IDTRS_FERT_CTRY3' DataType='Text' Justification='Left'/>
  <Position Start='0' Length='6' Name='IDTRS_FERT_OBS3' DataType='Int' Justification='Right'/>
  <Position Start='0' Length='3' Name='IDTRS_FERT_CTRY4' DataType='Text' Justification='Left'/>
  <Position Start='0' Length='6' Name='IDTRS_FERT_OBS4' DataType='Int' Justification='Right'/>
  <Position Start='0' Length='3' Name='IDTRS_FERT_CTRY5' DataType='Text' Justification='Left'/>
  <Position Start='0' Length='6' Name='IDTRS_FERT_OBS5' DataType='Int' Justification='Right'/>
  <!--TODO: ABV Analysis Details for Cow Fertility-->
  <Position Start='0' Length='1' Name='FERT_BREED' DataType='Text' Justification='Left'/>
  <Position Start='0' Length='8' Name='FERT_DOR' DataType='Date' DataFormat='yyyyMMdd' Justification='Left'/>
  <Position Start='0' Length='1' Name='FERT_SOURCE' DataType='Text' Justification='Left'/>
  <Position Start='0' Length='1' Name='FERT_PUBLISH' DataType='Text' Justification='Left'/>
  <Position Start='0' Length='1' Name='FERT_FOREIGN' DataType='Text' Justification='Left'/>
  <!--TODO: Genomic Evaluation-->
  <Position Start='0' Length='1' Name='HAS_GEN' DataType='Text' Justification='Left'/>
  <!--TODO: Health Weighted Index (HWI)-->
  <Position Start='0' Length='4' Name='HWI' DataType='Float' DataFormat='{0:0}' Justification='Left'/>
  <Position Start='0' Length='2' Name='HWI_REL' DataType='Float' DataFormat='{0:0}' Justification='Left'/>
  <!--TODO: Type Weighted Index (TWI)-->
  <Position Start='0' Length='4' Name='TWI' DataType='Float' DataFormat='{0:0}' Justification='Left'/>
  <Position Start='0' Length='2' Name='TWI_REL' DataType='Float' DataFormat='{0:0}' Justification='Left'/>
  <!--TODO: ABVs for New Traits-->
  <Position Start='0' Length='3' Name='RESSUR_BV' DataType='Float' DataFormat='{0:0}' Justification='Left'/>
  <Position Start='0' Length='2' Name='RESSUR_REL' DataType='Float' DataFormat='{0:0}' Justification='Left'/>
  <Position Start='0' Length='5' Name='FEEDEF_BV' DataType='Float' DataFormat='{0:0}' Justification='Left'/>
  <Position Start='0' Length='2' Name='FEEDEF_REL' DataType='Float' DataFormat='{0:0}' Justification='Left'/>
  <!--TODO: ABV for Rump-->
  <Position Start='0' Length='3' Name='RUMP_BV' DataType='Float' DataFormat='{0:0}' Justification='Left'/>
  <!--TODO: Amount of data for Rump-->
  <Position Start='0' Length='2' Name='RUMP_REL' DataType='Float' DataFormat='{0:0}' Justification='Left'/>
  <Position Start='0' Length='6' Name='RUMP_NO_OBS' DataType='Int' Justification='Right'/>
  <Position Start='0' Length='5' Name='RUMP_NO_HERDS' DataType='Int' Justification='Right'/>
  <Position Start='0' Length='6' Name='RUMP_NO_EFF' DataType='Text' Justification='Left'/>
  <!--TODO: ABV for Dairy Strength-->
  <Position Start='0' Length='3' Name='DAIRY_S_BV' DataType='Float' DataFormat='{0:0}' Justification='Left'/>
  <!--TODO: Amount of data for Dairy Strength-->
  <Position Start='0' Length='2' Name='DAIRY_REL' DataType='Float' DataFormat='{0:0}' Justification='Left'/>
  <Position Start='0' Length='6' Name='DAIRY_NO_OBS' DataType='Int' Justification='Right'/>
  <Position Start='0' Length='5' Name='DAIRY_NO_HERDS' DataType='Int' Justification='Right'/>
  <Position Start='0' Length='6' Name='DAIRY_NO_EFF' DataType='Text' Justification='Left'/>
  <!--TODO: ABV for Heat Tolerance-->
  <Position Start='0' Length='3' Name='HEAT_T_BV' DataType='Float' DataFormat='{0:0}' Justification='Left'/>
  <!--TODO: Amount of data for Heat Tolerance-->
  <Position Start='0' Length='2' Name='HEAT_T_REL' DataType='Float' DataFormat='{0:0}' Justification='Left'/>
  <Position Start='0' Length='6' Name='HEAT_NO_OBS' DataType='Int' Justification='Right'/>
  <Position Start='0' Length='5' Name='HEAT_NO_HERDS' DataType='Int' Justification='Right'/>
  <Position Start='0' Length='6' Name='HEAT_NO_EFF' DataType='Text' Justification='Left'/>
  <!--TODO: ABV for Gestation Length-->
  <Position Start='0' Length='3' Name='GESTATION_L_BV' DataType='Float' DataFormat='{0:0}' Justification='Left'/>
  <!--TODO: Amount of data for Gestation Length-->
  <Position Start='0' Length='2' Name='GESTATION_L_REL' DataType='Float' DataFormat='{0:0}' Justification='Left'/>
  <Position Start='0' Length='6' Name='GESTATION_EASE_NO_OBS' DataType='Int' Justification='Right'/>
  <Position Start='0' Length='5' Name='GESTATION_EASE_NO_HERDS' DataType='Int' Justification='Right'/>
  <Position Start='0' Length='6' Name='GESTATION_NO_EFF' DataType='Text' Justification='Left'/>
  <!--TODO: International Daughter Numbers for Gestation Length-->
  <Position Start='0' Length='2' Name='GESTATION_NO_CTY' DataType='Int' Justification='Right'/>
  <Position Start='0' Length='3' Name='IDTRS_GESTATION_CTRY1' DataType='Text' Justification='Left'/>
  <Position Start='0' Length='6' Name='IDTRS_GESTATION_OBS1' DataType='Int' Justification='Right'/>
  <Position Start='0' Length='3' Name='IDTRS_GESTATION_CTRY2' DataType='Text' Justification='Left'/>
  <Position Start='0' Length='6' Name='IDTRS_GESTATION_OBS2' DataType='Int' Justification='Right'/>
  <Position Start='0' Length='3' Name='IDTRS_GESTATION_CTRY3' DataType='Text' Justification='Left'/>
  <Position Start='0' Length='6' Name='IDTRS_GESTATION_OBS3' DataType='Int' Justification='Right'/>
  <Position Start='0' Length='3' Name='IDTRS_GESTATION_CTRY4' DataType='Text' Justification='Left'/>
  <Position Start='0' Length='6' Name='IDTRS_GESTATION_OBS4' DataType='Int' Justification='Right'/>
  <Position Start='0' Length='3' Name='IDTRS_GESTATION_CTRY5' DataType='Text' Justification='Left'/>
  <Position Start='0' Length='6' Name='IDTRS_GESTATION_OBS5' DataType='Int' Justification='Right'/>
  <!--TODO: ABV Analysis Details for Gestation Length-->
  <Position Start='0' Length='1' Name='GESTATION_BREED' DataType='Text' Justification='Left'/>
  <Position Start='0' Length='8' Name='GESTATION_DOR' DataType='Date' DataFormat='yyyyMMdd' Justification='Left'/>
  <Position Start='0' Length='1' Name='GESTATION_SOURCE' DataType='Text' Justification='Left'/>
  <Position Start='0' Length='1' Name='GESTATION_PUBLISH' DataType='Text' Justification='Left'/>
  <Position Start='0' Length='1' Name='GESTATION_FOREIGN' DataType='Text' Justification='Left'/>
  <!--TODO: ABV for Maternal Calving-->
  <Position Start='0' Length='3' Name='MATERNAL_L_BV' DataType='Float' DataFormat='{0:0}' Justification='Left'/>
  <!--TODO: Amount of data for Maternal Calving-->
  <Position Start='0' Length='2' Name='MATERNAL_L_REL' DataType='Float' DataFormat='{0:0}' Justification='Left'/>
  <Position Start='0' Length='6' Name='MATERNAL_EASE_NO_OBS' DataType='Int' Justification='Right'/>
  <Position Start='0' Length='5' Name='MATERNAL_EASE_NO_HERDS' DataType='Int' Justification='Right'/>
  <Position Start='0' Length='6' Name='MATERNAL_NO_EFF' DataType='Text' Justification='Left'/>
  <!--TODO: International Daughter Numbers for Maternal Calving-->
  <Position Start='0' Length='2' Name='MATERNAL_NO_CTY' DataType='Int' Justification='Right'/>
  <Position Start='0' Length='3' Name='IDTRS_MATERNAL_CTRY1' DataType='Text' Justification='Left'/>
  <Position Start='0' Length='6' Name='IDTRS_MATERNAL_OBS1' DataType='Int' Justification='Right'/>
  <Position Start='0' Length='3' Name='IDTRS_MATERNAL_CTRY2' DataType='Text' Justification='Left'/>
  <Position Start='0' Length='6' Name='IDTRS_MATERNAL_OBS2' DataType='Int' Justification='Right'/>
  <Position Start='0' Length='3' Name='IDTRS_MATERNAL_CTRY3' DataType='Text' Justification='Left'/>
  <Position Start='0' Length='6' Name='IDTRS_MATERNAL_OBS3' DataType='Int' Justification='Right'/>
  <Position Start='0' Length='3' Name='IDTRS_MATERNAL_CTRY4' DataType='Text' Justification='Left'/>
  <Position Start='0' Length='6' Name='IDTRS_MATERNAL_OBS4' DataType='Int' Justification='Right'/>
  <Position Start='0' Length='3' Name='IDTRS_MATERNAL_CTRY5' DataType='Text' Justification='Left'/>
  <Position Start='0' Length='6' Name='IDTRS_MATERNAL_OBS5' DataType='Int' Justification='Right'/>
  <!--TODO: ABV Analysis Details for Maternal Calving-->
  <Position Start='0' Length='1' Name='MATERNAL_BREED' DataType='Text' Justification='Left'/>
  <Position Start='0' Length='8' Name='MATERNAL_DOR' DataType='Date' DataFormat='yyyyMMdd' Justification='Left'/>
  <Position Start='0' Length='1' Name='MATERNAL_SOURCE' DataType='Text' Justification='Left'/>
  <Position Start='0' Length='1' Name='MATERNAL_PUBLISH' DataType='Text' Justification='Left'/>
  <Position Start='0' Length='1' Name='MATERNAL_FOREIGN' DataType='Text' Justification='Left'/>
</WriteFixedWidth>
