﻿<?xml version="1.0" encoding="utf-8" ?>
<MappingFriendlyName SheetName='CSV3LINES_201'>
  <Column Key='RECORD_TYPE' FriendlyName='Record Type'/>
  <Column Key='RECORD_VERSION_NUMBER' FriendlyName='Record Version Number'/>
  <Column Key='HERD_NATIONAL_ID' FriendlyName='National Herd ID'/>
  <Column Key='ANIMAL_NATIONAL_ID' FriendlyName='National ID'/>
  <Column Key='WITHIN_HERD_ID' FriendlyName='Within-Herd Cow ID'/>
  <Column Key='HERDBOOK_COUNTRY' FriendlyName='Country Code'/>
  <Column Key='HERDBOOK' FriendlyName='Herdbook Number'/>
  <Column Key='INTERNATIONAL_ID' FriendlyName='International ID'/>
  <Column Key='NAMELONG' FriendlyName='Name'/>
  <Column Key='GENETIC_CODES' FriendlyName='Genetic Codes'/>
  <Column Key='BREED_CODE' FriendlyName='Breed of cow'/>
  <Column Key='BIRTH_DATE' FriendlyName='Date of Birth'/>
  <Column Key='LAST_CALVING' FriendlyName='Date of Latest Calving'/>
  <Column Key='NO_LACT' FriendlyName='Number of Lactations in ABV analysis'/>
  <Column Key='CROSS_BREED' FriendlyName='Crossbreed'/>
  <Column Key='DPC_CODE' FriendlyName='DPC Code'/>
  <Column Key='SIRE_ID' FriendlyName='Sire National ID'/>
  <Column Key='DAM_ID' FriendlyName='Dam National ID'/>
  <Column Key='MGS_ID' FriendlyName='MGS National ID'/>
  <Column Key='MGD_ID' FriendlyName='MGD National ID'/>
  <Column Key='SIRE_INTERNATIONAL_ID' FriendlyName='Sire International ID'/>
  <Column Key='DAM_INTERNATIONAL_ID' FriendlyName='Dam International ID'/>
  <Column Key='MGS_INTERNATIONAL_ID' FriendlyName='MGS International ID'/>
  <Column Key='MGD_INTERNATIONAL_ID' FriendlyName='MGD International ID'/>
  <Column Key='SIRE_BULL_ID' FriendlyName='Sire Nasis Bull ID'/>
  <Column Key='MGS_BULL_ID' FriendlyName='MGS Nasis Bull ID'/>
  <Column Key='BPI_RANK' FriendlyName='Rank within-breed on BPI'/>
  <Column Key='ASI_RANK' FriendlyName='Rank within-breed on ASI'/>
  <Column Key='BPI' FriendlyName='Balanced Performance Index '/>
  <Column Key='BPI_REL' FriendlyName='Reliability BPI'/>
  <Column Key='ASI' FriendlyName='Australian Selection Index'/>
  <Column Key='PROT_BV' FriendlyName='Protein'/>
  <Column Key='PROTP_BV' FriendlyName='Protein Percentage'/>
  <Column Key='MILK_BV' FriendlyName='Milk'/>
  <Column Key='FAT_BV' FriendlyName='Fat'/>
  <Column Key='FATP_BV' FriendlyName='Fat Percentage'/>
  <Column Key='PROT_REL' FriendlyName='Reliability '/>
  <Column Key='YGEN_BREED' FriendlyName='Breed of ABV Analysis'/>
  <Column Key='YGEN_DOR' FriendlyName='Date of ABV Analysis'/>
  <Column Key='YGEN_SOURCE' FriendlyName='Source of ABV Analysis'/>
  <Column Key='YGEN_PUBLISH' FriendlyName='Proof publishable'/>
  <Column Key='YGEN_FOREIGN' FriendlyName='Foreign proof contribution'/>
  <Column Key='OTYPE_BV' FriendlyName='Overall Type'/>
  <Column Key='MAMM_BV' FriendlyName='Mammary System'/>
  <Column Key='OFEET_LEGS' FriendlyName='Overall Feet and Legs'/>
  <Column Key='STAT_BV' FriendlyName='Stature'/>
  <Column Key='UDTEX_BV' FriendlyName='Udder Texture'/>
  <Column Key='BONE_BV' FriendlyName='Bone Quality '/>
  <Column Key='ANGUL_BV' FriendlyName='Angularity'/>
  <Column Key='MUZ_W_BV' FriendlyName='Muzzle Width'/>
  <Column Key='BODY_L_BV' FriendlyName='Body Length'/>
  <Column Key='BODY_D_BV' FriendlyName='Body Depth'/>
  <Column Key='LOIN_BV' FriendlyName='Loin Strength'/>
  <Column Key='CHEST_W_BV' FriendlyName='Chest Width'/>
  <Column Key='RUMP_L_BV' FriendlyName='Rump Length'/>
  <Column Key='PIN_W_BV' FriendlyName='Pin Width'/>
  <Column Key='PINSET_BV' FriendlyName='Pin Set'/>
  <Column Key='FOOT_A_BV' FriendlyName='Foot Angle'/>
  <Column Key='HEEL_DEPTH' FriendlyName='Heel Depth'/>
  <Column Key='RSET_BV' FriendlyName='Rear Set of Leg'/>
  <Column Key='RLEG_BV' FriendlyName='Rear Leg Rear View'/>
  <Column Key='UDDEP_BV' FriendlyName='Udder Depth'/>
  <Column Key='FORE_A_BV' FriendlyName='Fore Attachment'/>
  <Column Key='REAH_AH_BV' FriendlyName='Rear Attachment Height'/>
  <Column Key='REAH_AW_BV' FriendlyName='Rear Attachment Width'/>
  <Column Key='CENT_L_BV' FriendlyName='Centre Ligament'/>
  <Column Key='TEAT_PF_BV' FriendlyName='Teat Placement Fore'/>
  <Column Key='TEAT_PR_BV' FriendlyName='Teat Placement Rear'/>
  <Column Key='TEAT_L_BV' FriendlyName='Teat Length'/>
  <Column Key='CONDITION_SCORE' FriendlyName='Condition Score'/>
  <Column Key='TGEN_REL' FriendlyName='Reliability '/>
  <Column Key='TGEN_BREED' FriendlyName='Breed of ABV Analysis'/>
  <Column Key='TGEN_DOR' FriendlyName='Date of ABV Analysis'/>
  <Column Key='TGEN_SOURCE' FriendlyName='Source of ABV Analysis'/>
  <Column Key='TGEN_PUBLISH' FriendlyName='Proof publishable'/>
  <Column Key='TGEN_FOREIGN' FriendlyName='Foreign proof contribution'/>
  <Column Key='MSPEED_BV' FriendlyName='ABV Milking Speed'/>
  <Column Key='TEMP_BV' FriendlyName='ABV Temperament'/>
  <Column Key='LIKE_BV' FriendlyName='ABV Likability'/>
  <Column Key='MSPEED_REL' FriendlyName='Reliability Workability Traits'/>
  <Column Key='WGEN_BREED' FriendlyName='Breed of ABV Analysis'/>
  <Column Key='WGEN_DOR' FriendlyName='Date of ABV Analysis'/>
  <Column Key='WGEN_SOURCE' FriendlyName='Source of ABV Analysis'/>
  <Column Key='WGEN_PUBLISH' FriendlyName='Proof publishable'/>
  <Column Key='WGEN_FOREIGN' FriendlyName='Foreign proof contribution'/>
  <Column Key='SURVDI_BV ' FriendlyName='Survival Solution'/>
  <Column Key='SURVDI_REL ' FriendlyName='Reliability Survival Solution'/>
  <Column Key='SURV_BV' FriendlyName='ABV Survival'/>
  <Column Key='SURV_REL' FriendlyName='Reliability Survival'/>
  <Column Key='SURV_BREED' FriendlyName='Breed of ABV Analysis'/>
  <Column Key='SURV_DOR' FriendlyName='Date of ABV Analysis'/>
  <Column Key='SURV_SOURCE' FriendlyName='Source of ABV Analysis'/>
  <Column Key='SURV_PUBLISH' FriendlyName='Proof publishable'/>
  <Column Key='SURV_FOREIGN' FriendlyName='Foreign proof contribution'/>
  <Column Key='EASE_BV' FriendlyName='ABV Calving Ease'/>
  <Column Key='EASE_REL' FriendlyName='Reliability Calving Ease'/>
  <Column Key='EASE_BREED' FriendlyName='Breed of ABV Analysis'/>
  <Column Key='EASE_DOR' FriendlyName='Date of ABV Analysis'/>
  <Column Key='EASE_SOURCE' FriendlyName='Source of ABV Analysis'/>
  <Column Key='EASE_PUBLSIH' FriendlyName='Proof publishable'/>
  <Column Key='EASE_FOREIGN' FriendlyName='Foreign proof contribution'/>
  <Column Key='SCC_BV' FriendlyName='ABV Somatic Cell Count'/>
  <Column Key='SCC_REL' FriendlyName='Reliability Somatic Cell Count'/>
  <Column Key='SCC_BREED' FriendlyName='Breed of ABV Analysis'/>
  <Column Key='SCC_DOR' FriendlyName='Date of ABV Analysis'/>
  <Column Key='SCC_SOURCE' FriendlyName='Source of ABV Analysis'/>
  <Column Key='SCC_PUBLISH' FriendlyName='Proof publishable'/>
  <Column Key='SCC_FOREIGN' FriendlyName='Foreign proof contribution'/>
  <Column Key='FERT_BV' FriendlyName='ABV Daughter Fertility'/>
  <Column Key='FERT_REL' FriendlyName='Reliability Daughter Fertility'/>
  <Column Key='FERT_BREED' FriendlyName='Breed of ABV Analysis'/>
  <Column Key='FERT_DOR' FriendlyName='Date of ABV Analysis'/>
  <Column Key='FERT_SOURCE' FriendlyName='Source of ABV Analysis'/>
  <Column Key='FERT_PUBLSIH' FriendlyName='Proof publishable'/>
  <Column Key='FERT_FOREIGN' FriendlyName='Foreign proof contribution'/>
  <Column Key='LWT_BV' FriendlyName='ABV Liveweight'/>
  <Column Key='LWT_REL' FriendlyName='Reliability Liveweight'/>
  <Column Key='LWT_BREED' FriendlyName='Breed of ABV Analysis'/>
  <Column Key='LWT_DOR' FriendlyName='Date of ABV Analysis'/>
  <Column Key='LWT_SOURCE' FriendlyName='Source of ABV Analysis'/>
  <Column Key='LWT_PUBLSIH' FriendlyName='Proof publishable'/>
  <Column Key='LWT_FOREIGN' FriendlyName='Foreign proof contribution'/>
  <Column Key='HAS_GEN' FriendlyName='HasGenomics'/>
  <Column Key='DPC_NAME' FriendlyName='DPC Name'/>
  <Column Key='OWNER_NAME' FriendlyName='Herd Owner'/>
  <Column Key='DAM_NAME' FriendlyName='Dam Name'/>
  <Column Key='HWI' FriendlyName='Health Weighted Index'/>
  <Column Key='HWI_REL' FriendlyName='Reliability HWI'/>
  <Column Key='TWI' FriendlyName='Type Weighted Index'/>
  <Column Key='TWI_REL' FriendlyName='Reliability TWI'/>
  <Column Key='RESSUR_BV' FriendlyName='ABV Residual Survival'/>
  <Column Key='RESSUR_REL' FriendlyName='Reliability Residual Survival'/>
  <Column Key='FEEDEF_BV' FriendlyName='ABV Feed Efficiency '/>
  <Column Key='FEEDEF_REL' FriendlyName='Reliability Feed Efficiency'/>
  <Column Key='HWI_RANK' FriendlyName='Rank in Australia on HWI within-breed'/>
  <Column Key='TWI_RANK' FriendlyName='Rank in Australia on TWI within-breed'/>
</MappingFriendlyName>
