﻿<?xml version="1.0" encoding="utf-8" ?>
<MappingFriendlyName SheetName='CSV_202'>
  <Position Start='0' Length='4' Name='Prefix' DataType='Text' Justification='Left'/>
  <Position Start='0' Length='7' Name='HERD_NATIONAL_ID' DataType='Text' Justification='Left'/>
  <Position Start='0' Length='9' Name='ANIMAL_NATIONAL_ID' DataType='Text' Justification='Left'/>
  <Position Start='0' Length='6' Name='WITHIN_HERD_ID' DataType='Text' Justification='Left'/>
  <Position Start='0' Length='3' Name='HERDBOOK_COUNTRY' DataType='Text' Justification='Left'/>
  <Position Start='0' Length='12' Name='HERDBOOK' DataType='Text' Justification='Left'/>
  <Position Start='0' Length='24' Name='GENETIC_CODES' DataType='Text' Justification='Left'/>
  <Position Start='0' Length='4' Name='BREED_CODE' DataType='Text' Justification='Left'/>
  <Position Start='0' Length='8' Name='BIRTH_DATE' Justification='Left' DataType='Date' DataFormat='yyyyMMdd'/>
  <Position Start='0' Length='8' Name='LAST_CALVING' Justification='Left' DataType='Date' DataFormat='yyyyMMdd'/>
  <Position Start='0' Length='2' Name='NO_LACT' DataType='Text' Justification='Left'/>
  <Position Start='0' Length='1' Name='CROSS_BREED' DataType='Text' Justification='Left'/>
  <Position Start='0' Length='1' Name='DPC_CODE' DataType='Text' Justification='Left'/>
  <Position Start='0' Length='9' Name='SIRE_ID' DataType='Text' Justification='Left'/>
  <Position Start='0' Length='9' Name='DAM_ID' DataType='Text' Justification='Left'/>
  <Position Start='0' Length='9' Name='MGS_ID' DataType='Text' Justification='Left'/>
  <Position Start='0' Length='1' Name='EASE_BREED' DataType='Text' Justification='Left'/>
  <Position Start='0' Length='8' Name='EASE_DOR' DataType='Date' DataFormat='yyyyMMdd' Justification='Left'/>
  <Position Start='0' Length='1' Name='EASE_SOURCE' DataType='Text' Justification='Left'/>
  <Position Start='0' Length='4' Name='BPI' DataType='Float' DataFormat='{0:0}' Justification='Right'/>
  <Position Start='0' Length='2' Name='BPI_REL' DataType='Float' DataFormat='{0:0}' Justification='Right'/>
  <Position Start='0' Length='4' Name='ASI' DataType='Float' DataFormat='{0:0}' Justification='Right'/>
  <Position Start='0' Length='4' Name='PROT_BV' DataType='Float' DataFormat='{0:0}' Justification='Right'/>  
  <Position Start='0' Length='5' Name='PROTP_BV' DataType='Float' DataFormat='{0:0.00}' Justification='Right'/>
  <Position Start='0' Length='5' Name='MILK_BV' DataType='Float' DataFormat='{0:0}' Justification='Right'/>
  <Position Start='0' Length='4' Name='FAT_BV' DataType='Float' DataFormat='{0:0}' Justification='Right'/>
  <Position Start='0' Length='5' Name='FATP_BV' DataType='Float' DataFormat='{0:0.00}' Justification='Right'/>
  <Position Start='0' Length='2' Name='PROT_REL' DataType='Float' DataFormat='{0:0}' Justification='Right'/>
  <Position Start='0' Length='3' Name='OTYPE_BV' DataType='Float' DataFormat='{0:0}' Justification='Right'/>
  <Position Start='0' Length='3' Name='MAMM_BV' DataType='Float' DataFormat='{0:0}' Justification='Right'/> 
  <Position Start='0' Length='3' Name='OFEET_LEGS' DataType='Float' DataFormat='{0:0}' Justification='Right'/>
  <Position Start='0' Length='3' Name='STAT_BV' DataType='Float' DataFormat='{0:0}' Justification='Right'/>
  <Position Start='0' Length='3' Name='UDTEX_BV' DataType='Float' DataFormat='{0:0}' Justification='Right'/>
  <Position Start='0' Length='3' Name='BONE_BV' DataType='Float' DataFormat='{0:0}' Justification='Right'/>
  <Position Start='0' Length='3' Name='ANGUL_BV' DataType='Float' DataFormat='{0:0}' Justification='Right'/>
  <Position Start='0' Length='3' Name='MUZ_W_BV' DataType='Float' DataFormat='{0:0}' Justification='Right'/>
  <Position Start='0' Length='3' Name='BODY_L_BV' DataType='Float' DataFormat='{0:0}' Justification='Right'/>
  <Position Start='0' Length='3' Name='BODY_D_BV' DataType='Float' DataFormat='{0:0}' Justification='Right'/>
  <Position Start='0' Length='3' Name='LOIN_BV' DataType='Float' DataFormat='{0:0}' Justification='Right'/>
  <Position Start='0' Length='3' Name='CHEST_W_BV' DataType='Float' DataFormat='{0:0}' Justification='Right'/>
  <Position Start='0' Length='3' Name='RUMP_L_BV' DataType='Float' DataFormat='{0:0}' Justification='Right'/>
  <Position Start='0' Length='3' Name='PIN_W_BV' DataType='Float' DataFormat='{0:0}' Justification='Right'/>
  <Position Start='0' Length='3' Name='PINSET_BV' DataType='Float' DataFormat='{0:0}' Justification='Right'/>
  <Position Start='0' Length='3' Name='FOOT_A_BV' DataType='Float' DataFormat='{0:0}' Justification='Right'/>
  <Position Start='0' Length='3' Name='HEEL_DEPTH' DataType='Float' DataFormat='{0:0}' Justification='Right'/>   
  <Position Start='0' Length='3' Name='RSET_BV' DataType='Float' DataFormat='{0:0}' Justification='Right'/>
  <Position Start='0' Length='3' Name='RLEG_BV' DataType='Float' DataFormat='{0:0}' Justification='Right'/>
  <Position Start='0' Length='3' Name='UDDEP_BV' DataType='Float' DataFormat='{0:0}' Justification='Right'/>
  <Position Start='0' Length='3' Name='FORE_A_BV' DataType='Float' DataFormat='{0:0}' Justification='Right'/>
  <Position Start='0' Length='3' Name='REAR_AH_BV' DataType='Float' DataFormat='{0:0}' Justification='Right'/>
  <Position Start='0' Length='3' Name='REAR_AW_BV' DataType='Float' DataFormat='{0:0}' Justification='Right'/>
  <Position Start='0' Length='3' Name='CENT_L_BV' DataType='Float' DataFormat='{0:0}' Justification='Right'/>
  <Position Start='0' Length='3' Name='TEAT_PF_BV' DataType='Float' DataFormat='{0:0}' Justification='Right'/>
  <Position Start='0' Length='3' Name='TEAT_PR_BV' DataType='Float' DataFormat='{0:0}' Justification='Right'/>
  <Position Start='0' Length='3' Name='TEAT_L_BV' DataType='Float' DataFormat='{0:0}' Justification='Right'/>
  <Position Start='0' Length='3' Name='CONDITION_SCORE' DataType='Float' DataFormat='{0:0}' Justification='Right'/>
  <Position Start='0' Length='2' Name='TGEN_REL' DataType='Float' DataFormat='{0:0}' Justification='Right'/>   
  <Position Start='0' Length='3' Name='MSPEED_BV' DataType='Float' DataFormat='{0:0}' Justification='Right'/>
  <Position Start='0' Length='3' Name='TEMP_BV' DataType='Float' DataFormat='{0:0}' Justification='Right'/>
  <Position Start='0' Length='3' Name='LIKE_BV' DataType='Float' DataFormat='{0:0}' Justification='Right'/>
  <Position Start='0' Length='2' Name='MSPEED_REL' DataType='Float' DataFormat='{0:0}' Justification='Right'/>    
  <Position Start='0' Length='3' Name='SURV_BV' DataType='Float' DataFormat='{0:0}' Justification='Right'/>
  <Position Start='0' Length='2' Name='SURV_REL' DataType='Float' DataFormat='{0:0}' Justification='Right'/>
  <Position Start='0' Length='3' Name='EASE_BV' DataType='Float' DataFormat='{0:0}' Justification='Right'/>
  <Position Start='0' Length='2' Name='EASE_REL' DataType='Float' DataFormat='{0:0}' Justification='Right'/>
  <Position Start='0' Length='3' Name='SCC_BV' DataType='Float' DataFormat='{0:0}' Justification='Right'/>
  <Position Start='0' Length='2' Name='SCC_REL' DataType='Float' DataFormat='{0:0}' Justification='Right'/>
  <Position Start='0' Length='3' Name='FERT_BV' DataType='Float' DataFormat='{0:0}' Justification='Right'/>
  <Position Start='0' Length='2' Name='FERT_REL' DataType='Float' DataFormat='{0:0}' Justification='Right'/>
  <Position Start='0' Length='3' Name='LWT_BV' DataType='Float' DataFormat='{0:0}' Justification='Right'/>
  <Position Start='0' Length='2' Name='LWT_REL' DataType='Float' DataFormat='{0:0}' Justification='Right'/>
  <Position Start='0' Length='1' Name='HAS_GEN' DataType='Text' Justification='Left'/>
  <Position Start='0' Length='4' Name='HWI' DataType='Float' DataFormat='{0:0}' Justification='Left'/>
  <Position Start='0' Length='2' Name='HWI_REL' DataType='Float' DataFormat='{0:0}' Justification='Left'/>
  <Position Start='0' Length='4' Name='TWI' DataType='Float' DataFormat='{0:0}' Justification='Left'/>
  <Position Start='0' Length='2' Name='TWI_REL' DataType='Float' DataFormat='{0:0}' Justification='Left'/>
  <Position Start='0' Length='3' Name='RESSUR_BV' DataType='Float' DataFormat='{0:0}' Justification='Left'/>
  <Position Start='0' Length='2' Name='RESSUR_REL' DataType='Float' DataFormat='{0:0}' Justification='Left'/>
  <Position Start='0' Length='5' Name='FEEDEF_BV' DataType='Float' DataFormat='{0:0}' Justification='Left'/>
  <Position Start='0' Length='2' Name='FEEDEF_REL' DataType='Float' DataFormat='{0:0}' Justification='Left'/>  
  <Position Start='0' Length='3' Name='RUMP_BV' DataType='Float' DataFormat='{0:0}' Justification='Right'/>  
  <Position Start='0' Length='3' Name='STRENGTH_BV' DataType='Float' DataFormat='{0:0}' Justification='Right'/>  
  <Position Start='0' Length='3' Name='HEAT_T_BV' DataType='Float' DataFormat='{0:0}' Justification='Right'/>  
  <Position Start='0' Length='2' Name='HEAT_T_REL' DataType='Float' DataFormat='{0:0}' Justification='Right'/>  
  <Position Start='0' Length='3' Name='GESTATION_L_BV' DataType='Float' DataFormat='{0:0}' Justification='Right'/>  
  <Position Start='0' Length='2' Name='GESTATION_L_REL' DataType='Float' DataFormat='{0:0}' Justification='Right'/>   
  <Position Start='0' Length='3' Name='MATERNAL_CALVING_BV' DataType='Float' DataFormat='{0:0}' Justification='Right'/>    
  <Position Start='0' Length='2' Name='MATERNAL_CALVING_REL' DataType='Float' DataFormat='{0:0}' Justification='Right'/>    
</MappingFriendlyName>
