<?xml version="1.0" encoding="utf-8" ?>
<WriteFixedWidth StartAt='0' Total='1' Output='Return'>
	<Position Start='0' Length='4' Name='Prefix' Justification='Left'/>
	<Position Start='0' Length='9' Name='ANIMAL_NATIONAL_ID' Justification='Left'/>
	<Position Start='0' Length='12' Name='NASIS2' Justification='Left'/>
	<Position Start='0' Length='7' Name='NASIS1' Justification='Left'/>
	<Position Start='0' Length='3' Name='HERDBOOK_COUNTRY' Justification='Left'/>
	<Position Start='0' Length='12' Name='HERDBOOK_NO' Justification='Left'/>
	<Position Start='0' Length='40' Name='NAMELONG' Justification='Left'/>
	<Position Start='0' Length='24' Name='GENETIC_CODES' Justification='Left'/>
	<Position Start='0' Length='8' Name='BIRTH_DATE' Justification='Left' DataType='Date' DataFormat='yyyyMMdd'/>
	<Position Start='0' Length='9' Name='SIRE_ID' Justification='Left'/>
	<Position Start='0' Length='9' Name='DAM_ID' Justification='Left'/>
	<Position Start='0' Length='9' Name='MGS_ID' Justification='Left'/>
	<Position Start='0' Length='1' Name='YGEN_BREED' DataType='Text' Justification='Left'/>
	<Position Start='0' Length='8' Name='YGEN_DOR' DataType='Date' DataFormat='yyyyMMdd' Justification='Left'/>
	<Position Start='0' Length='1' Name='YGEN_SOURCE' DataType='Text' Justification='Left'/>
	<Position Start='0' Length='4' Name='BPI' DataType='Float' DataFormat='{0:0}' Justification='Right'/>
	<Position Start='0' Length='2' Name='BPI_REL' DataType='Float' DataFormat='{0:0}' Justification='Right'/>
	<Position Start='0' Length='4' Name='ASI' DataType='Float' DataFormat='{0:0}' Justification='Right'/>
	<Position Start='0' Length='4' Name='PROT_BV' DataType='Float' DataFormat='{0:0}' Justification='Right'/>  
	<Position Start='0' Length='5' Name='PROTP_BV' DataType='Float' DataFormat='{0:0.00}' Justification='Right'/>
	<Position Start='0' Length='5' Name='MILK_BV' DataType='Float' DataFormat='{0:0}' Justification='Right'/>
	<Position Start='0' Length='4' Name='FAT_BV' DataType='Float' DataFormat='{0:0}' Justification='Right'/>
	<Position Start='0' Length='5' Name='FATP_BV' DataType='Float' DataFormat='{0:0.00}' Justification='Right'/>
	<Position Start='0' Length='2' Name='PROT_REL' DataType='Float' DataFormat='{0:0}' Justification='Right'/>
	<Position Start='0' Length='6' Name='DTRS_NO_OBS' Justification='Right'/>
	<Position Start='0' Length='5' Name='DTRS_NO_HERDS' DataType='Int' Justification='Right'/>
	<Position Start='0' Length='4' Name='DTRS_NO_H1' Justification='Right'/>
	<Position Start='0' Length='4' Name='DTRS_NO_H2' Justification='Right'/>
	<Position Start='0' Length='3' Name='DTRS_RIP' Justification='Right'/>
	<Position Start='0' Length='3' Name='OTYPE_BV' DataType='Float' DataFormat='{0:0}' Justification='Right'/>
	<Position Start='0' Length='3' Name='MAMM_BV' DataType='Float' DataFormat='{0:0}' Justification='Right'/>
	<Position Start='0' Length='3' Name='OFEET_LEGS' DataType='Float' DataFormat='{0:0}' Justification='Right'/>
	<Position Start='0' Length='3' Name='STAT_BV' DataType='Float' DataFormat='{0:0}' Justification='Right'/>
	<Position Start='0' Length='3' Name='UDTEX_BV' DataType='Float' DataFormat='{0:0}' Justification='Right'/>
	<Position Start='0' Length='3' Name='BONE_BV' DataType='Float' DataFormat='{0:0}' Justification='Right'/>
	<Position Start='0' Length='3' Name='ANGUL_BV' DataType='Float' DataFormat='{0:0}' Justification='Right'/>
	<Position Start='0' Length='3' Name='MUZW_BV' DataType='Float' DataFormat='{0:0}' Justification='Right'/>
	<Position Start='0' Length='3' Name='BODYL_BV' DataType='Float' DataFormat='{0:0}' Justification='Right'/>
	<Position Start='0' Length='3' Name='BODYD_BV' DataType='Float' DataFormat='{0:0}' Justification='Right'/>
	<Position Start='0' Length='3' Name='LOIN_BV' DataType='Float' DataFormat='{0:0}' Justification='Right'/>
	
	<Position Start='0' Length='3' Name='CHESTW_BV' DataType='Float' DataFormat='{0:0}' Justification='Right'/>
	<Position Start='0' Length='3' Name='RUMPL_BV' DataType='Float' DataFormat='{0:0}' Justification='Right'/>
	<Position Start='0' Length='3' Name='PINW_BV' DataType='Float' DataFormat='{0:0}' Justification='Right'/>
	<Position Start='0' Length='3' Name='PINSET_BV' DataType='Float' DataFormat='{0:0}' Justification='Right'/>
	<Position Start='0' Length='3' Name='FOOTA_BV' DataType='Float' DataFormat='{0:0}' Justification='Right'/>
	<Position Start='0' Length='3' Name='HEEL_DEPTH' DataType='Float' DataFormat='{0:0}' Justification='Right'/>
	
	<Position Start='0' Length='3' Name='RSET_BV' DataType='Float' DataFormat='{0:0}' Justification='Right'/>
	<Position Start='0' Length='3' Name='RLEG_BV' DataType='Float' DataFormat='{0:0}' Justification='Right'/>
	
	<Position Start='0' Length='3' Name='UDDEP_BV' DataType='Float' DataFormat='{0:0}' Justification='Right'/>
	<Position Start='0' Length='3' Name='FOREA_BV' DataType='Float' DataFormat='{0:0}' Justification='Right'/>
	<Position Start='0' Length='3' Name='REAR_AH_BV' DataType='Float' DataFormat='{0:0}' Justification='Right'/>
	<Position Start='0' Length='3' Name='REAR_AW_BV' DataType='Float' DataFormat='{0:0}' Justification='Right'/>
	<Position Start='0' Length='3' Name='CENT_L_BV' DataType='Float' DataFormat='{0:0}' Justification='Right'/>
	<Position Start='0' Length='3' Name='TEAT_PF_BV' DataType='Float' DataFormat='{0:0}' Justification='Right'/>
	
	<Position Start='0' Length='3' Name='TEAT_PR_BV' DataType='Float' DataFormat='{0:0}' Justification='Right'/>
	
	<Position Start='0' Length='3' Name='TEAT_L_BV' DataType='Float' DataFormat='{0:0}' Justification='Right'/>
	
	<Position Start='0' Length='3' Name='CONDITION_SCORE' DataType='Float' DataFormat='{0:0}' Justification='Right'/>
	<Position Start='0' Length='2' Name='TGEN_REL' DataType='Float' DataFormat='{0:0}' Justification='Right'/>
	<Position Start='0' Length='6' Name='TGEN_NO_OBS' DataType='Int' Justification='Right'/>
	<Position Start='0' Length='5' Name='TGEN_NO_HERDS' DataType='Int' Justification='Right'/>
	<Position Start='0' Length='3' Name='MSPEED_BV' DataType='Float' DataFormat='{0:0}' Justification='Right'/>
	<Position Start='0' Length='3' Name='TEMP_BV' DataType='Float' DataFormat='{0:0}' Justification='Right'/>
	<Position Start='0' Length='3' Name='LIKE_BV' DataType='Float' DataFormat='{0:0}' Justification='Right'/>
	<Position Start='0' Length='2' Name='MSPEED_REL' DataType='Float' DataFormat='{0:0}' Justification='Right'/>
	<Position Start='0' Length='6' Name='WGEN_NO_OBS' DataType='Int' Justification='Right'/>
	<Position Start='0' Length='5' Name='WGEN_NO_HERDS' DataType='Int' Justification='Right'/>
	<Position Start='0' Length='3' Name='SURV_BV' DataType='Float' DataFormat='{0:0}' Justification='Right'/>
	<Position Start='0' Length='2' Name='SURV_REL' DataType='Float' DataFormat='{0:0}' Justification='Right'/>
	<Position Start='0' Length='3' Name='EASE_BV' DataType='Float' DataFormat='{0:0}' Justification='Right'/>
	<Position Start='0' Length='2' Name='EASE_REL' DataType='Float' DataFormat='{0:0}' Justification='Right'/>
	<Position Start='0' Length='6' Name='EASE_NO_OBS' DataType='Int' Justification='Right'/>
	<Position Start='0' Length='5' Name='EASE_NO_HERDS' DataType='Int' Justification='Right'/>
	<Position Start='0' Length='3' Name='SCC_BV' DataType='Float' DataFormat='{0:0}' Justification='Right'/>
	<Position Start='0' Length='2' Name='SCC_REL' DataType='Float' DataFormat='{0:0}' Justification='Right'/>
	<Position Start='0' Length='6' Name='SCC_NO_OBS' DataType='Int' Justification='Right'/>
	<Position Start='0' Length='5' Name='SCC_NO_HERDS' DataType='Int' Justification='Right'/>
	<Position Start='0' Length='3' Name='FERT_BV' DataType='Float' DataFormat='{0:0}' Justification='Right'/>
	<Position Start='0' Length='2' Name='FERT_REL' DataType='Float' DataFormat='{0:0}' Justification='Right'/>
	<Position Start='0' Length='6' Name='FERT_NO_OBS' DataType='Int' Justification='Right'/>
	<Position Start='0' Length='5' Name='FERT_NO_HERDS' DataType='Int' Justification='Right'/>
	<Position Start='0' Length='3' Name='LWT_BV' DataType='Float' DataFormat='{0:0}' Justification='Right'/>
	<Position Start='0' Length='2' Name='LWT_REL' DataType='Float' DataFormat='{0:0}' Justification='Right'/>
	<Position Start='0' Length='1' Name='HAS_GEN' DataType='Text' Justification='Left'/>
	<Position Start='0' Length='4' Name='HWI' DataType='Float' DataFormat='{0:0}' Justification='Left'/>
	<Position Start='0' Length='2' Name='HWI_REL' DataType='Float' DataFormat='{0:0}' Justification='Left'/>
	<Position Start='0' Length='4' Name='TWI' DataType='Float' DataFormat='{0:0}' Justification='Left'/>
	<Position Start='0' Length='2' Name='TWI_REL' DataType='Float' DataFormat='{0:0}' Justification='Left'/>
	<Position Start='0' Length='3' Name='RESSUR_BV' DataType='Float' DataFormat='{0:0}' Justification='Left'/>
	<Position Start='0' Length='2' Name='RESSUR_REL' DataType='Float' DataFormat='{0:0}' Justification='Left'/>
	<Position Start='0' Length='5' Name='FEEDEF_BV' DataType='Float' DataFormat='{0:0}' Justification='Left'/>
	<Position Start='0' Length='2' Name='FEEDEF_REL' DataType='Float' DataFormat='{0:0}' Justification='Left'/>
	<Position Start='0' Length='3' Name='RUMP_BV' DataType='Float' DataFormat='{0:0}' Justification='Right'/>
	<Position Start='0' Length='3' Name='DAIRY_S_BV' DataType='Float' DataFormat='{0:0}' Justification='Right'/>
	<Position Start='0' Length='3' Name='HEAT_T_BV' DataType='Float' DataFormat='{0:0}' Justification='Right'/>
	<Position Start='0' Length='2' Name='HEAT_T_REL' DataType='Float' DataFormat='{0:0}' Justification='Right'/>
	<Position Start='0' Length='6' Name='HEAT_NO_OBS' DataType='Int' Justification='Right'/>
	<Position Start='0' Length='5' Name='HEAT_NO_HERDS' DataType='Int' Justification='Right'/>
	<Position Start='0' Length='3' Name='GESTATION_L_BV' DataType='Float' DataFormat='{0:0}' Justification='Right'/>
	<Position Start='0' Length='2' Name='GESTATION_L_REL' DataType='Float' DataFormat='{0:0}' Justification='Right'/>
	<Position Start='0' Length='6' Name='GESTATION_EASE_NO_OBS' DataType='Int' Justification='Right'/>
	<Position Start='0' Length='5' Name='GESTATION_EASE_NO_HERDS' DataType='Int' Justification='Right'/>
	<Position Start='0' Length='3' Name='MATERNAL_L_BV' DataType='Float' DataFormat='{0:0}' Justification='Right'/>
	<Position Start='0' Length='2' Name='MATERNAL_L_REL' DataType='Float' DataFormat='{0:0}' Justification='Right'/>
	<Position Start='0' Length='6' Name='MATERNAL_EASE_NO_OBS' DataType='Int' Justification='Right'/>
	<Position Start='0' Length='5' Name='MATERNAL_EASE_NO_HERDS' DataType='Int' Justification='Right'/>
</WriteFixedWidth>