<?xml version="1.0" encoding="utf-8" ?>
<WriteFixedWidth StartAt='0' Total='1' Output='Return'>
  <Position Start='0' Length='4' Name='Prefix' Justification='Left'/>
  <Position Start='0' Length='7' Name='HERD_NATIONAL_ID' Justification='Left'/>
  <Position Start='0' Length='1' Name='DPC_CODE' Justification='Left'/>
  <Position Start='0' Length='5' Name='ALL_COW' Justification='Right'/>
  <Position Start='0' Length='5' Name='CUR_COW' Justification='Right'/>
  <Position Start='0' Length='2' Name='AGE_GROUP' Justification='Left'/>
  <Position Start='0' Length='1' Name='YGEN_BREED' DataType='Text' Justification='Left'/>
  <Position Start='0' Length='8' Name='YGEN_DOR' DataType='Date' DataFormat='yyyyMMdd' Justification='Left'/>
  <Position Start='0' Length='1' Name='YGEN_SOURCE' DataType='Text' Justification='Left'/>
  <Position Start='0' Length='6' Name='BPI' DataType='Float' DataFormat='{0:0}' Justification='Right'/>
  <Position Start='0' Length='6' Name='BPI_RANK' Justification='Right'/>
  <Position Start='0' Length='6' Name='ASI' DataType='Float' DataFormat='{0:0}' Justification='Right'/>
  <Position Start='0' Length='6' Name='ASI_RANK' Justification='Right'/>
  <Position Start='0' Length='6' Name='HWI' DataType='Float' DataFormat='{0:0}' Justification='Right'/>
  <Position Start='0' Length='6' Name='HWI_RANK' Justification='Right'/>
  <Position Start='0' Length='6' Name='TWI' DataType='Float' DataFormat='{0:0}' Justification='Right'/>
  <Position Start='0' Length='6' Name='TWI_RANK' Justification='Right'/>
  <Position Start='0' Length='6' Name='PROT_AVG' DataType='Float' DataFormat='{0:0}' Justification='Right'/>
  <Position Start='0' Length='6' Name='PROTP_AVG' DataType='Float' DataFormat='{0:0.00}' Justification='Right'/>
  <Position Start='0' Length='7' Name='MILK_AVG' DataType='Float' DataFormat='{0:0}' Justification='Right'/>
  <Position Start='0' Length='6' Name='FAT_AVG' DataType='Float' DataFormat='{0:0}' Justification='Right'/>
  <Position Start='0' Length='6' Name='FATP_AVG' DataType='Float' DataFormat='{0:0.00}' Justification='Right'/>
</WriteFixedWidth>